
<?xml version="1.0" encoding="UTF-8" standalone="yes"?>
<addon id="repository.Tele-mix" name="Tele-Mix official Repo" version="1.1.0" provider-name="TeleMix">
	<extension point="xbmc.addon.repository" name="Tele-Mix official Repo">
		<info compressed="false">https://raw.githubusercontent.com/newbtc1/TeleMix/master/addons.xml</info>
		<checksum>https://raw.githubusercontent.com/newbtc1/TeleMix/master/addons.xml.md5</checksum>
		<datadir zip="true">https://raw.githubusercontent.com/newbtc1/TeleMix/master</datadir>
	</extension>
	<extension point="xbmc.addon.metadata">
		<summary>Kodi-Mexico official Repo</summary>
   		<description lang="en">Instala los Addons de Tele Mix.</description>
		<disclaimer></disclaimer>
		<platform>all</platform>
	</extension>
</addon>